{"meta":{"title":"Memories of Mechanicsville","site_name":"","site_img":"","subtitle":"Story of the river and its gorge","author":"Meranda Gallupe-Paton","keywords":"Gradac, Storyteller, Sourcefabric","rsspingback":"http://www.google.com/","description":"Testing out Mural for a potential sound and photo project.","src":"","share":false,"facebook":false,"twitter":true,"analytics":""},"items":[{"imagebackground":{"id":"0","format":{"fullpage":true},"title":"Memories of Mechanicsville","subtitle":"A digital history project","text":"<p><span id=\"docs-internal-guid-b2a268be-7fff-0648-7aee-ce0298f1b061\"><span style=\"font-size: 12pt; font-family: &quot;Times New Roman&quot;; font-variant-numeric: normal; font-variant-east-asian: normal; vertical-align: baseline; white-space: pre-wrap; background-color: rgb(0, 0, 0); color: rgb(255, 255, 255);\">This project focus on the history and place memories of Mechanicsville, a once working-class neighbourhood in Ottawa currently in the throes of gentrification.</span></span></p>","image":{"srcmain":"uploads/Memories_of_Mechanicsville-20211026173751200/dsc_0120.jpg","srcphone":"uploads/Memories_of_Mechanicsville-20211026173751200/dsc_0120.jpg","srcmedium":"uploads/Memories_of_Mechanicsville-20211026173751200/dsc_0120.jpg"},"audio":{"mp3":"uploads/Memories_of_Mechanicsville-20211026173751200/drillingexcavatingbeeping.mp3","ogg":""},"suppress":false,"nav_title":"","offset":{"left":false,"centre":false,"right":false,"custom":false,"value":"50"}}}],"nav":[{"id":0,"title":""}]}